COMMIT_EDITMSG,C:\Users\Aditya\Desktop\Capstone\.git\COMMIT_EDITMSG,
config,C:\Users\Aditya\Desktop\Capstone\.git\config,
description,C:\Users\Aditya\Desktop\Capstone\.git\description,
HEAD,C:\Users\Aditya\Desktop\Capstone\.git\HEAD,
applypatch-msg.sample,C:\Users\Aditya\Desktop\Capstone\.git\hooks\applypatch-msg.sample,
commit-msg.sample,C:\Users\Aditya\Desktop\Capstone\.git\hooks\commit-msg.sample,
fsmonitor-watchman.sample,C:\Users\Aditya\Desktop\Capstone\.git\hooks\fsmonitor-watchman.sample,
post-update.sample,C:\Users\Aditya\Desktop\Capstone\.git\hooks\post-update.sample,
pre-applypatch.sample,C:\Users\Aditya\Desktop\Capstone\.git\hooks\pre-applypatch.sample,
pre-commit.sample,C:\Users\Aditya\Desktop\Capstone\.git\hooks\pre-commit.sample,
pre-push.sample,C:\Users\Aditya\Desktop\Capstone\.git\hooks\pre-push.sample,
pre-rebase.sample,C:\Users\Aditya\Desktop\Capstone\.git\hooks\pre-rebase.sample,
pre-receive.sample,C:\Users\Aditya\Desktop\Capstone\.git\hooks\pre-receive.sample,
prepare-commit-msg.sample,C:\Users\Aditya\Desktop\Capstone\.git\hooks\prepare-commit-msg.sample,
update.sample,C:\Users\Aditya\Desktop\Capstone\.git\hooks\update.sample,
index,C:\Users\Aditya\Desktop\Capstone\.git\index,
exclude,C:\Users\Aditya\Desktop\Capstone\.git\info\exclude,
HEAD,C:\Users\Aditya\Desktop\Capstone\.git\logs\HEAD,
master,C:\Users\Aditya\Desktop\Capstone\.git\logs\refs\heads\master,
master,C:\Users\Aditya\Desktop\Capstone\.git\logs\refs\remotes\origin\master,
2c5d5c5bf90cf78b9c07107c2102d0c725ca35,C:\Users\Aditya\Desktop\Capstone\.git\objects\00\2c5d5c5bf90cf78b9c07107c2102d0c725ca35,
aaef8db6c25f0594ad027327abb2fb07b5d2be,C:\Users\Aditya\Desktop\Capstone\.git\objects\00\aaef8db6c25f0594ad027327abb2fb07b5d2be,
af162de3d2d9421666fb9a1a43554ff7e0a637,C:\Users\Aditya\Desktop\Capstone\.git\objects\01\af162de3d2d9421666fb9a1a43554ff7e0a637,
d1910f7201d44823ccfd67a2ad313e9f12f9ad,C:\Users\Aditya\Desktop\Capstone\.git\objects\01\d1910f7201d44823ccfd67a2ad313e9f12f9ad,
cf483135f8d76295416ca9878ef7132490761b,C:\Users\Aditya\Desktop\Capstone\.git\objects\04\cf483135f8d76295416ca9878ef7132490761b,
5f024dbe7e847f83cdeb23fc06ab2be210abfa,C:\Users\Aditya\Desktop\Capstone\.git\objects\05\5f024dbe7e847f83cdeb23fc06ab2be210abfa,
49757efed33634f89137c87d2111f2f97d389f,C:\Users\Aditya\Desktop\Capstone\.git\objects\06\49757efed33634f89137c87d2111f2f97d389f,
5378862c9d25861f85b84d804c53b52a47aa62,C:\Users\Aditya\Desktop\Capstone\.git\objects\06\5378862c9d25861f85b84d804c53b52a47aa62,
035307ad435f8f2f8eedf0bce50f7ec8a858c2,C:\Users\Aditya\Desktop\Capstone\.git\objects\07\035307ad435f8f2f8eedf0bce50f7ec8a858c2,
3a57dd85f61236e9faa0869bf48ae6dc3a2d2f,C:\Users\Aditya\Desktop\Capstone\.git\objects\07\3a57dd85f61236e9faa0869bf48ae6dc3a2d2f,
9b3e3b2eb8d96e4476e80b2b2442c6378fea57,C:\Users\Aditya\Desktop\Capstone\.git\objects\07\9b3e3b2eb8d96e4476e80b2b2442c6378fea57,
440382f61f0bb1683e5b15c2a00e4e398f9980,C:\Users\Aditya\Desktop\Capstone\.git\objects\0b\440382f61f0bb1683e5b15c2a00e4e398f9980,
bd24c7ade5834216cedf3bfc168088a1dd31e6,C:\Users\Aditya\Desktop\Capstone\.git\objects\0b\bd24c7ade5834216cedf3bfc168088a1dd31e6,
6da75e2e7a7e1eb267a3a36d8626781062b648,C:\Users\Aditya\Desktop\Capstone\.git\objects\0c\6da75e2e7a7e1eb267a3a36d8626781062b648,
90eb5672b04fc66edcc99f003e15fc638e279c,C:\Users\Aditya\Desktop\Capstone\.git\objects\0c\90eb5672b04fc66edcc99f003e15fc638e279c,
0289f2f4b5260ce04dd035408961f1e4f2785b,C:\Users\Aditya\Desktop\Capstone\.git\objects\11\0289f2f4b5260ce04dd035408961f1e4f2785b,
618471dc097cc57d996197297d2f0a5fa7a581,C:\Users\Aditya\Desktop\Capstone\.git\objects\11\618471dc097cc57d996197297d2f0a5fa7a581,
fbf8778f028b2a2405025d2853610aada97544,C:\Users\Aditya\Desktop\Capstone\.git\objects\12\fbf8778f028b2a2405025d2853610aada97544,
73ed0838bc1be6841339fef703a07c1ee7267f,C:\Users\Aditya\Desktop\Capstone\.git\objects\13\73ed0838bc1be6841339fef703a07c1ee7267f,
3d6219f09eb0af4786e3c602add17427673ddb,C:\Users\Aditya\Desktop\Capstone\.git\objects\14\3d6219f09eb0af4786e3c602add17427673ddb,
2b814e2072fa108a08c965fa5b78bacf7be63f,C:\Users\Aditya\Desktop\Capstone\.git\objects\15\2b814e2072fa108a08c965fa5b78bacf7be63f,
e46de602de39422825e5bb0cc0626b8970f091,C:\Users\Aditya\Desktop\Capstone\.git\objects\15\e46de602de39422825e5bb0cc0626b8970f091,
8df77885b5b89fa92e9075db269c84e7a91b82,C:\Users\Aditya\Desktop\Capstone\.git\objects\17\8df77885b5b89fa92e9075db269c84e7a91b82,
9cf21381575af10cd73b2a1ca4f2d86ed9c46b,C:\Users\Aditya\Desktop\Capstone\.git\objects\18\9cf21381575af10cd73b2a1ca4f2d86ed9c46b,
5fd46c669e750b7a52c8d4b7521616f80ddbc0,C:\Users\Aditya\Desktop\Capstone\.git\objects\19\5fd46c669e750b7a52c8d4b7521616f80ddbc0,
6258efcbff4469d71123fbb01c921ac5231f14,C:\Users\Aditya\Desktop\Capstone\.git\objects\1a\6258efcbff4469d71123fbb01c921ac5231f14,
68dfe401d4339065a9110824a5406e72580f26,C:\Users\Aditya\Desktop\Capstone\.git\objects\1a\68dfe401d4339065a9110824a5406e72580f26,
953f71115853a8c515081b6caafcf945251358,C:\Users\Aditya\Desktop\Capstone\.git\objects\1a\953f71115853a8c515081b6caafcf945251358,
57a1db17a7914d92f5f99ac88edf2955b4e4e0,C:\Users\Aditya\Desktop\Capstone\.git\objects\1e\57a1db17a7914d92f5f99ac88edf2955b4e4e0,
bc94cdc51499e76bc601dddac9211d1191c1ab,C:\Users\Aditya\Desktop\Capstone\.git\objects\1e\bc94cdc51499e76bc601dddac9211d1191c1ab,
30af075a89cff787f66ca787e68bf40da5f60e,C:\Users\Aditya\Desktop\Capstone\.git\objects\21\30af075a89cff787f66ca787e68bf40da5f60e,
6d1157a3542836c4280c3699375bd034b91edb,C:\Users\Aditya\Desktop\Capstone\.git\objects\21\6d1157a3542836c4280c3699375bd034b91edb,
d57edb82c6ea1bba7def74b1d03663c1991b72,C:\Users\Aditya\Desktop\Capstone\.git\objects\21\d57edb82c6ea1bba7def74b1d03663c1991b72,
94b645304fea86c2aa9ab13e26ef67b2a7e0d9,C:\Users\Aditya\Desktop\Capstone\.git\objects\23\94b645304fea86c2aa9ab13e26ef67b2a7e0d9,
4e334dbd34c104db18aff3b60d289ee5a23672,C:\Users\Aditya\Desktop\Capstone\.git\objects\24\4e334dbd34c104db18aff3b60d289ee5a23672,
03017960b3972499d3aa92f89953935ae40934,C:\Users\Aditya\Desktop\Capstone\.git\objects\25\03017960b3972499d3aa92f89953935ae40934,
0dd9fd96bb6b63bb4f712b65ce2560af928d87,C:\Users\Aditya\Desktop\Capstone\.git\objects\25\0dd9fd96bb6b63bb4f712b65ce2560af928d87,
918dde0ea9ef6564eb24646b6ff79321fab9b4,C:\Users\Aditya\Desktop\Capstone\.git\objects\28\918dde0ea9ef6564eb24646b6ff79321fab9b4,
7ee87b442b6c4b229c9480ca31cd013f799c30,C:\Users\Aditya\Desktop\Capstone\.git\objects\2b\7ee87b442b6c4b229c9480ca31cd013f799c30,
0922fb3847c2fe54c7c8294d154d853de71bb5,C:\Users\Aditya\Desktop\Capstone\.git\objects\2d\0922fb3847c2fe54c7c8294d154d853de71bb5,
da0893649371f8d92b92976d8542cdd1b601ed,C:\Users\Aditya\Desktop\Capstone\.git\objects\2e\da0893649371f8d92b92976d8542cdd1b601ed,
43e66fa45bac6254812bdb913234fc2beacde1,C:\Users\Aditya\Desktop\Capstone\.git\objects\2f\43e66fa45bac6254812bdb913234fc2beacde1,
ba12d0dc1f0841b71e638de5a8f2bacbeb1c8d,C:\Users\Aditya\Desktop\Capstone\.git\objects\2f\ba12d0dc1f0841b71e638de5a8f2bacbeb1c8d,
fbcb48b77ff3c8c2bdd4dd0e461ab8f93660ca,C:\Users\Aditya\Desktop\Capstone\.git\objects\2f\fbcb48b77ff3c8c2bdd4dd0e461ab8f93660ca,
b34a692cd211413307ae0393d221fd7f7bbf75,C:\Users\Aditya\Desktop\Capstone\.git\objects\30\b34a692cd211413307ae0393d221fd7f7bbf75,
6e741f3edeb180a59beb868fe5e744c06d29ba,C:\Users\Aditya\Desktop\Capstone\.git\objects\31\6e741f3edeb180a59beb868fe5e744c06d29ba,
a0d35ec5d7fc9c61e59a834637d075f63f74b9,C:\Users\Aditya\Desktop\Capstone\.git\objects\32\a0d35ec5d7fc9c61e59a834637d075f63f74b9,
f2f49af6fd04c6cf2cc4741bdc8288783688c0,C:\Users\Aditya\Desktop\Capstone\.git\objects\33\f2f49af6fd04c6cf2cc4741bdc8288783688c0,
0c450fcf314c6ad06eb4bdcad123554283d940,C:\Users\Aditya\Desktop\Capstone\.git\objects\35\0c450fcf314c6ad06eb4bdcad123554283d940,
5fba2e4014ee4e4023137382b01428247e1243,C:\Users\Aditya\Desktop\Capstone\.git\objects\35\5fba2e4014ee4e4023137382b01428247e1243,
d42e808f0a8017b8d52a06be2f8fec0b466a66,C:\Users\Aditya\Desktop\Capstone\.git\objects\35\d42e808f0a8017b8d52a06be2f8fec0b466a66,
1a22e6c97a8c2654cd087e610829a8b4eebdb8,C:\Users\Aditya\Desktop\Capstone\.git\objects\3b\1a22e6c97a8c2654cd087e610829a8b4eebdb8,
1f4631c360d0ded0a5793dd961ef04ce5afaf7,C:\Users\Aditya\Desktop\Capstone\.git\objects\40\1f4631c360d0ded0a5793dd961ef04ce5afaf7,
40b3cf859f6bb6b9bb349720af23a5e1cd277c,C:\Users\Aditya\Desktop\Capstone\.git\objects\40\40b3cf859f6bb6b9bb349720af23a5e1cd277c,
4d2c2537fbbc263bb51126339406a45cbc315c,C:\Users\Aditya\Desktop\Capstone\.git\objects\40\4d2c2537fbbc263bb51126339406a45cbc315c,
e9a8184aa287c5970cc8415e3c5a6310dc9f79,C:\Users\Aditya\Desktop\Capstone\.git\objects\41\e9a8184aa287c5970cc8415e3c5a6310dc9f79,
025a6cd94acdedad2a48e4b11d1ca81c03944d,C:\Users\Aditya\Desktop\Capstone\.git\objects\42\025a6cd94acdedad2a48e4b11d1ca81c03944d,
3bd5d3a20b804f596e04e5cd02fb4f16cfcbc1,C:\Users\Aditya\Desktop\Capstone\.git\objects\42\3bd5d3a20b804f596e04e5cd02fb4f16cfcbc1,
4da77d67b7370dc5531ca37098b67607aeb2ca,C:\Users\Aditya\Desktop\Capstone\.git\objects\42\4da77d67b7370dc5531ca37098b67607aeb2ca,
54a341eed9df88709426965afb5f73170ad10b,C:\Users\Aditya\Desktop\Capstone\.git\objects\42\54a341eed9df88709426965afb5f73170ad10b,
69488747892e5d72de3752a17705b0f02bec91,C:\Users\Aditya\Desktop\Capstone\.git\objects\44\69488747892e5d72de3752a17705b0f02bec91,
c699fb9969dd20fdd84864a5feaba8e51b42c0,C:\Users\Aditya\Desktop\Capstone\.git\objects\45\c699fb9969dd20fdd84864a5feaba8e51b42c0,
7b535ab5218893ca7c77cb4bf48a7d441bc825,C:\Users\Aditya\Desktop\Capstone\.git\objects\46\7b535ab5218893ca7c77cb4bf48a7d441bc825,
0592795cbd3e3178230c3c56723977db8b4d62,C:\Users\Aditya\Desktop\Capstone\.git\objects\47\0592795cbd3e3178230c3c56723977db8b4d62,
d1f006053b61442b457ac1271a025af30ca240,C:\Users\Aditya\Desktop\Capstone\.git\objects\4a\d1f006053b61442b457ac1271a025af30ca240,
c6b3412c7d018ad64d8512d4281de37d37f23e,C:\Users\Aditya\Desktop\Capstone\.git\objects\4b\c6b3412c7d018ad64d8512d4281de37d37f23e,
e4a4069e1de3ea29c7a0a04333fefc2973e5a1,C:\Users\Aditya\Desktop\Capstone\.git\objects\4e\e4a4069e1de3ea29c7a0a04333fefc2973e5a1,
003ace78c97bddfb426baa432ae46c0151eef6,C:\Users\Aditya\Desktop\Capstone\.git\objects\4f\003ace78c97bddfb426baa432ae46c0151eef6,
66b2348441747ae0a9c865510e1918c10edcaa,C:\Users\Aditya\Desktop\Capstone\.git\objects\4f\66b2348441747ae0a9c865510e1918c10edcaa,
42bffe1a0a265ff88728cb4ea77873b18ba241,C:\Users\Aditya\Desktop\Capstone\.git\objects\50\42bffe1a0a265ff88728cb4ea77873b18ba241,
ad581d61c88d84ac1746ba5c7449a41b0d5397,C:\Users\Aditya\Desktop\Capstone\.git\objects\52\ad581d61c88d84ac1746ba5c7449a41b0d5397,
fbd7d9014bdaa4586597e7f45e57da8836dfc0,C:\Users\Aditya\Desktop\Capstone\.git\objects\53\fbd7d9014bdaa4586597e7f45e57da8836dfc0,
1e3ffd3e88224b34a4d2097c66a780e6060aeb,C:\Users\Aditya\Desktop\Capstone\.git\objects\54\1e3ffd3e88224b34a4d2097c66a780e6060aeb,
d0389a6a125fdc4676a25223818439b8c370e3,C:\Users\Aditya\Desktop\Capstone\.git\objects\55\d0389a6a125fdc4676a25223818439b8c370e3,
628f28296daa5a1d3e2e920b33a393b8067a68,C:\Users\Aditya\Desktop\Capstone\.git\objects\57\628f28296daa5a1d3e2e920b33a393b8067a68,
a540335f25c037c55a4cf325a43d73bcc31afa,C:\Users\Aditya\Desktop\Capstone\.git\objects\57\a540335f25c037c55a4cf325a43d73bcc31afa,
c3a8c16594735484ae4754f153426bda9cdb1e,C:\Users\Aditya\Desktop\Capstone\.git\objects\58\c3a8c16594735484ae4754f153426bda9cdb1e,
e7bfa483540affb7677ac25c7eae84ff43e904,C:\Users\Aditya\Desktop\Capstone\.git\objects\5a\e7bfa483540affb7677ac25c7eae84ff43e904,
132f0d94caa9d18998ef9f10776547a42a7405,C:\Users\Aditya\Desktop\Capstone\.git\objects\5b\132f0d94caa9d18998ef9f10776547a42a7405,
4276280f339cd7294a8434ad16f53fa7937914,C:\Users\Aditya\Desktop\Capstone\.git\objects\5b\4276280f339cd7294a8434ad16f53fa7937914,
35227c4b7c86ac2483937c553666768b4ece03,C:\Users\Aditya\Desktop\Capstone\.git\objects\5c\35227c4b7c86ac2483937c553666768b4ece03,
77ad98700c5e6cfff470dbfed8ded864895fcd,C:\Users\Aditya\Desktop\Capstone\.git\objects\5c\77ad98700c5e6cfff470dbfed8ded864895fcd,
43fb08c3076ac46a8a12d4ec86a36189151ab3,C:\Users\Aditya\Desktop\Capstone\.git\objects\5e\43fb08c3076ac46a8a12d4ec86a36189151ab3,
01d07e0ce9982a5b1465e1ced71fc0942f3fde,C:\Users\Aditya\Desktop\Capstone\.git\objects\5f\01d07e0ce9982a5b1465e1ced71fc0942f3fde,
1162b00132f88f5652fb3c80f13eecd50496a8,C:\Users\Aditya\Desktop\Capstone\.git\objects\60\1162b00132f88f5652fb3c80f13eecd50496a8,
49223d1ec6af46e100499c01f6489c9e2c6240,C:\Users\Aditya\Desktop\Capstone\.git\objects\60\49223d1ec6af46e100499c01f6489c9e2c6240,
779bf3fce1cfc56ffc36d92c108ec3ce916eca,C:\Users\Aditya\Desktop\Capstone\.git\objects\60\779bf3fce1cfc56ffc36d92c108ec3ce916eca,
d305cb2c730327287831469f5cfd21af01d350,C:\Users\Aditya\Desktop\Capstone\.git\objects\60\d305cb2c730327287831469f5cfd21af01d350,
810833efb2d41692b629dd6552b9db5701abb9,C:\Users\Aditya\Desktop\Capstone\.git\objects\62\810833efb2d41692b629dd6552b9db5701abb9,
8b6a52a87e62c6f22426e17c01f6a303aa194e,C:\Users\Aditya\Desktop\Capstone\.git\objects\62\8b6a52a87e62c6f22426e17c01f6a303aa194e,
a23932c35206c53c78ff65f33dc5dca4ea44e0,C:\Users\Aditya\Desktop\Capstone\.git\objects\62\a23932c35206c53c78ff65f33dc5dca4ea44e0,
4d35e274fd64ddaf6d12af813e820c424176a9,C:\Users\Aditya\Desktop\Capstone\.git\objects\64\4d35e274fd64ddaf6d12af813e820c424176a9,
e14f68fd83b87f75c22c0c074e7b20bf20a133,C:\Users\Aditya\Desktop\Capstone\.git\objects\65\e14f68fd83b87f75c22c0c074e7b20bf20a133,
fd9618ef56fd37d09315123b2c7525904641f0,C:\Users\Aditya\Desktop\Capstone\.git\objects\65\fd9618ef56fd37d09315123b2c7525904641f0,
9c307fb64146bbd70f195b092060d34b54c27c,C:\Users\Aditya\Desktop\Capstone\.git\objects\66\9c307fb64146bbd70f195b092060d34b54c27c,
9dd15c55619ca47d7d236fb3bac6c0ccd2c074,C:\Users\Aditya\Desktop\Capstone\.git\objects\66\9dd15c55619ca47d7d236fb3bac6c0ccd2c074,
20e9082b69cdf2e2953202686c4fa7dc425c13,C:\Users\Aditya\Desktop\Capstone\.git\objects\67\20e9082b69cdf2e2953202686c4fa7dc425c13,
9ccf398fb11f05849262864089eecda1832c1f,C:\Users\Aditya\Desktop\Capstone\.git\objects\67\9ccf398fb11f05849262864089eecda1832c1f,
472146ef08caff8639bcf558e34da8389eed51,C:\Users\Aditya\Desktop\Capstone\.git\objects\68\472146ef08caff8639bcf558e34da8389eed51,
8d0a65f914bd729f3da5e7621e391bd4f98aa8,C:\Users\Aditya\Desktop\Capstone\.git\objects\69\8d0a65f914bd729f3da5e7621e391bd4f98aa8,
aa10e233b039077e7dc600177ddb1eb46217e3,C:\Users\Aditya\Desktop\Capstone\.git\objects\69\aa10e233b039077e7dc600177ddb1eb46217e3,
9aab949cb6b0b31caf1ede110a410c2150b680,C:\Users\Aditya\Desktop\Capstone\.git\objects\6a\9aab949cb6b0b31caf1ede110a410c2150b680,
1564e05eb10656c2ae592e9f041cb5ef8037e6,C:\Users\Aditya\Desktop\Capstone\.git\objects\6e\1564e05eb10656c2ae592e9f041cb5ef8037e6,
82cd938ae98e7e28c65a0bc55df576042ff9f5,C:\Users\Aditya\Desktop\Capstone\.git\objects\71\82cd938ae98e7e28c65a0bc55df576042ff9f5,
38c8cb55edbaf3a6a114a15bf9732115353207,C:\Users\Aditya\Desktop\Capstone\.git\objects\72\38c8cb55edbaf3a6a114a15bf9732115353207,
c37874dfcdb4a3ab037ab524a3f95c413744c8,C:\Users\Aditya\Desktop\Capstone\.git\objects\72\c37874dfcdb4a3ab037ab524a3f95c413744c8,
97fb3280b518b8b5498b34e44a20762bdf0459,C:\Users\Aditya\Desktop\Capstone\.git\objects\75\97fb3280b518b8b5498b34e44a20762bdf0459,
9b5803666b9491c8aec0975ec473463175901a,C:\Users\Aditya\Desktop\Capstone\.git\objects\75\9b5803666b9491c8aec0975ec473463175901a,
e37f632d9a974f7ce26fd8436409a25c4accb2,C:\Users\Aditya\Desktop\Capstone\.git\objects\75\e37f632d9a974f7ce26fd8436409a25c4accb2,
2a4c47b7994a6130bbb0238ee490c07c866d6e,C:\Users\Aditya\Desktop\Capstone\.git\objects\76\2a4c47b7994a6130bbb0238ee490c07c866d6e,
4b71ecf1aa8f3422dcdb6d7dd44cc2e59b2041,C:\Users\Aditya\Desktop\Capstone\.git\objects\76\4b71ecf1aa8f3422dcdb6d7dd44cc2e59b2041,
205118d31091983118a7e8b97a6181c3da1a35,C:\Users\Aditya\Desktop\Capstone\.git\objects\77\205118d31091983118a7e8b97a6181c3da1a35,
49bce30205bfa3cf796abac7f11af10239d987,C:\Users\Aditya\Desktop\Capstone\.git\objects\78\49bce30205bfa3cf796abac7f11af10239d987,
7883c4b1793081deeaa9c43ab7fc83fc514dad,C:\Users\Aditya\Desktop\Capstone\.git\objects\79\7883c4b1793081deeaa9c43ab7fc83fc514dad,
cb66c955c39f7f1ea9a130c28e55244f2e085e,C:\Users\Aditya\Desktop\Capstone\.git\objects\79\cb66c955c39f7f1ea9a130c28e55244f2e085e,
f6980a3ba5c43de120d963dbba2516b8f27ac7,C:\Users\Aditya\Desktop\Capstone\.git\objects\79\f6980a3ba5c43de120d963dbba2516b8f27ac7,
8fc7191a1e547979070691c1e17f64e0e7b91c,C:\Users\Aditya\Desktop\Capstone\.git\objects\7a\8fc7191a1e547979070691c1e17f64e0e7b91c,
52f084e76cb89afd0ba493a6a0913f0556f1b9,C:\Users\Aditya\Desktop\Capstone\.git\objects\7b\52f084e76cb89afd0ba493a6a0913f0556f1b9,
14a2deef126176e2e13cecba76759be54cb239,C:\Users\Aditya\Desktop\Capstone\.git\objects\7d\14a2deef126176e2e13cecba76759be54cb239,
1e4d54d6c293333eb638aa56feba7b62e15564,C:\Users\Aditya\Desktop\Capstone\.git\objects\7d\1e4d54d6c293333eb638aa56feba7b62e15564,
ab4033c90c1fff4bdfdd6d39dd346971b1245f,C:\Users\Aditya\Desktop\Capstone\.git\objects\7d\ab4033c90c1fff4bdfdd6d39dd346971b1245f,
f399b9908976fc36f760fad7876a4d9c38e006,C:\Users\Aditya\Desktop\Capstone\.git\objects\7e\f399b9908976fc36f760fad7876a4d9c38e006,
44271f29b5d4e4471570e75cdce90bf9a1497c,C:\Users\Aditya\Desktop\Capstone\.git\objects\80\44271f29b5d4e4471570e75cdce90bf9a1497c,
c9ad949b47f64afeca5642ee2494b6e3147f44,C:\Users\Aditya\Desktop\Capstone\.git\objects\81\c9ad949b47f64afeca5642ee2494b6e3147f44,
ebb069a253a966cf5ac2003f5fd11ff82f11f4,C:\Users\Aditya\Desktop\Capstone\.git\objects\81\ebb069a253a966cf5ac2003f5fd11ff82f11f4,
a56d7c8ad93ac1b190721f7d7033b0dfd253c6,C:\Users\Aditya\Desktop\Capstone\.git\objects\82\a56d7c8ad93ac1b190721f7d7033b0dfd253c6,
677bc0c5f37f1fac9d87548c4554b5c91717cf,C:\Users\Aditya\Desktop\Capstone\.git\objects\84\677bc0c5f37f1fac9d87548c4554b5c91717cf,
a28e9e5e1aad8a3a17560c206f38505aaa21ae,C:\Users\Aditya\Desktop\Capstone\.git\objects\85\a28e9e5e1aad8a3a17560c206f38505aaa21ae,
e654c1d5fb5f5040cd5635a4734a07b3ef6af1,C:\Users\Aditya\Desktop\Capstone\.git\objects\85\e654c1d5fb5f5040cd5635a4734a07b3ef6af1,
7ee17718d18e26582afbdd5db2008f678d412c,C:\Users\Aditya\Desktop\Capstone\.git\objects\86\7ee17718d18e26582afbdd5db2008f678d412c,
c83980b8e4e061e4682ee258e9c5d7cbe38e29,C:\Users\Aditya\Desktop\Capstone\.git\objects\86\c83980b8e4e061e4682ee258e9c5d7cbe38e29,
3294e969db9160f5ddd4e1ab498ff60b080e3f,C:\Users\Aditya\Desktop\Capstone\.git\objects\87\3294e969db9160f5ddd4e1ab498ff60b080e3f,
0e899afddac65b8626b2ffa718d1ee94d788a8,C:\Users\Aditya\Desktop\Capstone\.git\objects\88\0e899afddac65b8626b2ffa718d1ee94d788a8,
4e4a887f18384a204563c0048c9cd1328f7faa,C:\Users\Aditya\Desktop\Capstone\.git\objects\8a\4e4a887f18384a204563c0048c9cd1328f7faa,
93c9cc38f2f8418ad732887ef9e466d71e7603,C:\Users\Aditya\Desktop\Capstone\.git\objects\8a\93c9cc38f2f8418ad732887ef9e466d71e7603,
ae41bfc0e6fcc5d9bbdc070808165679aaaa07,C:\Users\Aditya\Desktop\Capstone\.git\objects\8c\ae41bfc0e6fcc5d9bbdc070808165679aaaa07,
96b8e9498150e4759cbbfec756fffd14534d68,C:\Users\Aditya\Desktop\Capstone\.git\objects\8d\96b8e9498150e4759cbbfec756fffd14534d68,
c29394cc3d78bd5b502542735343b4922f588b,C:\Users\Aditya\Desktop\Capstone\.git\objects\8d\c29394cc3d78bd5b502542735343b4922f588b,
28179e7bde19e3c0fdbf9f422c35c4a0d95034,C:\Users\Aditya\Desktop\Capstone\.git\objects\90\28179e7bde19e3c0fdbf9f422c35c4a0d95034,
a7f83adcbbccf637758508e00b0e4e0aee5ad2,C:\Users\Aditya\Desktop\Capstone\.git\objects\90\a7f83adcbbccf637758508e00b0e4e0aee5ad2,
c6d9b14399057f3c301a1b08f17c1864a226d6,C:\Users\Aditya\Desktop\Capstone\.git\objects\91\c6d9b14399057f3c301a1b08f17c1864a226d6,
aea67a1224fd54ec8f6d81d8d04a77bb1d0784,C:\Users\Aditya\Desktop\Capstone\.git\objects\92\aea67a1224fd54ec8f6d81d8d04a77bb1d0784,
18b18a8afe7377f3b336bda0e8bda764baa330,C:\Users\Aditya\Desktop\Capstone\.git\objects\93\18b18a8afe7377f3b336bda0e8bda764baa330,
ec6bf62dcaefe5b9b2930ae8c874983f4d2c04,C:\Users\Aditya\Desktop\Capstone\.git\objects\94\ec6bf62dcaefe5b9b2930ae8c874983f4d2c04,
e9ef5a2cec0a9f5af64968fe4574cee00e3a9d,C:\Users\Aditya\Desktop\Capstone\.git\objects\95\e9ef5a2cec0a9f5af64968fe4574cee00e3a9d,
a3639cdde5e8ab459c6380e3b9524ee81641dc,C:\Users\Aditya\Desktop\Capstone\.git\objects\96\a3639cdde5e8ab459c6380e3b9524ee81641dc,
293f36ef583809d471da2b17b8d9c7c71893cc,C:\Users\Aditya\Desktop\Capstone\.git\objects\98\293f36ef583809d471da2b17b8d9c7c71893cc,
8b9d29825dbd1bf6cacfb0be6857113e726c6d,C:\Users\Aditya\Desktop\Capstone\.git\objects\98\8b9d29825dbd1bf6cacfb0be6857113e726c6d,
be60a16b3384e5606abd07cb30511570c73668,C:\Users\Aditya\Desktop\Capstone\.git\objects\98\be60a16b3384e5606abd07cb30511570c73668,
d81a42c50a9ae36f659c0c1246671ff0cbb776,C:\Users\Aditya\Desktop\Capstone\.git\objects\99\d81a42c50a9ae36f659c0c1246671ff0cbb776,
6de9dffb0accb41cec2bf60dcf69870b9259ed,C:\Users\Aditya\Desktop\Capstone\.git\objects\9b\6de9dffb0accb41cec2bf60dcf69870b9259ed,
25cd81a367ee69af3c20e82a938dd4e0dbc7f1,C:\Users\Aditya\Desktop\Capstone\.git\objects\9c\25cd81a367ee69af3c20e82a938dd4e0dbc7f1,
a8b06190e5aead1ed8a75ce5a68419ccc4d926,C:\Users\Aditya\Desktop\Capstone\.git\objects\9c\a8b06190e5aead1ed8a75ce5a68419ccc4d926,
3fdf3a0b477ffa6e9c1378bf7f0636c1f43c1e,C:\Users\Aditya\Desktop\Capstone\.git\objects\9d\3fdf3a0b477ffa6e9c1378bf7f0636c1f43c1e,
39dfb30e2c5323a4129d37ecc209f5f0acf30b,C:\Users\Aditya\Desktop\Capstone\.git\objects\a1\39dfb30e2c5323a4129d37ecc209f5f0acf30b,
8a33347fa6b2e76d0ee17060207ae10cec64fe,C:\Users\Aditya\Desktop\Capstone\.git\objects\a2\8a33347fa6b2e76d0ee17060207ae10cec64fe,
2c350a9b07c269e4119f070c2f3f36858bdc1c,C:\Users\Aditya\Desktop\Capstone\.git\objects\a3\2c350a9b07c269e4119f070c2f3f36858bdc1c,
558fd09ca7cb968166d5445f4df1a0bc2d5a7e,C:\Users\Aditya\Desktop\Capstone\.git\objects\a3\558fd09ca7cb968166d5445f4df1a0bc2d5a7e,
98ef4e7c8b556fc36f580c5ff524025bb11c84,C:\Users\Aditya\Desktop\Capstone\.git\objects\a4\98ef4e7c8b556fc36f580c5ff524025bb11c84,
9e7780ef32a3214c0280b714cac9fa7fef5fb2,C:\Users\Aditya\Desktop\Capstone\.git\objects\a4\9e7780ef32a3214c0280b714cac9fa7fef5fb2,
456b79776cd5aa1fa99a08bbe6e96786b57d49,C:\Users\Aditya\Desktop\Capstone\.git\objects\a5\456b79776cd5aa1fa99a08bbe6e96786b57d49,
49607e90fabe8867b02cfc598bbf0c98d91181,C:\Users\Aditya\Desktop\Capstone\.git\objects\a5\49607e90fabe8867b02cfc598bbf0c98d91181,
520051dc780846e034c9c5ef7a72ce107e9c6c,C:\Users\Aditya\Desktop\Capstone\.git\objects\a8\520051dc780846e034c9c5ef7a72ce107e9c6c,
628ec6a6596261b425a3b0d46c43eb5084f54e,C:\Users\Aditya\Desktop\Capstone\.git\objects\a9\628ec6a6596261b425a3b0d46c43eb5084f54e,
091ece50d5b0950f0a5e2910ea197fbeb19712,C:\Users\Aditya\Desktop\Capstone\.git\objects\aa\091ece50d5b0950f0a5e2910ea197fbeb19712,
1672b278ce255a25db5dc68b6bfba1f54e66ad,C:\Users\Aditya\Desktop\Capstone\.git\objects\aa\1672b278ce255a25db5dc68b6bfba1f54e66ad,
912ea702025a39b7f7e83fb1e1af26b18d5ae3,C:\Users\Aditya\Desktop\Capstone\.git\objects\aa\912ea702025a39b7f7e83fb1e1af26b18d5ae3,
9207f782e99c4a461a82710614a406119e0dbb,C:\Users\Aditya\Desktop\Capstone\.git\objects\ac\9207f782e99c4a461a82710614a406119e0dbb,
f7403660c9a2ccc02a264c62c6b105f7d8d532,C:\Users\Aditya\Desktop\Capstone\.git\objects\ae\f7403660c9a2ccc02a264c62c6b105f7d8d532,
10729e0d2e80e8ecfe5cb2e83188c739b6c1f9,C:\Users\Aditya\Desktop\Capstone\.git\objects\af\10729e0d2e80e8ecfe5cb2e83188c739b6c1f9,
08f593fa0b20befc9835c97493485821dbcd76,C:\Users\Aditya\Desktop\Capstone\.git\objects\b0\08f593fa0b20befc9835c97493485821dbcd76,
44628cd867bd4be39614efc0a1a856f188af57,C:\Users\Aditya\Desktop\Capstone\.git\objects\b1\44628cd867bd4be39614efc0a1a856f188af57,
21c98133a4d4a8449c848ccb69bf631d1c3e5d,C:\Users\Aditya\Desktop\Capstone\.git\objects\b2\21c98133a4d4a8449c848ccb69bf631d1c3e5d,
2313afc177dde20704d7affcecf08413ba0609,C:\Users\Aditya\Desktop\Capstone\.git\objects\b2\2313afc177dde20704d7affcecf08413ba0609,
38584aafebd385b6362be263550e9245e25dc7,C:\Users\Aditya\Desktop\Capstone\.git\objects\b3\38584aafebd385b6362be263550e9245e25dc7,
51689fa7b57b7432820e4c06d0864c143c79ab,C:\Users\Aditya\Desktop\Capstone\.git\objects\b4\51689fa7b57b7432820e4c06d0864c143c79ab,
544c7a51fa64a34ccccc0123fa53676f1cdf84,C:\Users\Aditya\Desktop\Capstone\.git\objects\b4\544c7a51fa64a34ccccc0123fa53676f1cdf84,
46ec1ba4849ac19dce6bad3739fef7633f92f9,C:\Users\Aditya\Desktop\Capstone\.git\objects\b5\46ec1ba4849ac19dce6bad3739fef7633f92f9,
c26c701b6643df99a1e97c387a30f8c10d94a0,C:\Users\Aditya\Desktop\Capstone\.git\objects\b5\c26c701b6643df99a1e97c387a30f8c10d94a0,
f77b27c0af9e302fd314453ae821cd4bb1ab1e,C:\Users\Aditya\Desktop\Capstone\.git\objects\b5\f77b27c0af9e302fd314453ae821cd4bb1ab1e,
1c087db33a72a8abf7319238d3bdfb0850448f,C:\Users\Aditya\Desktop\Capstone\.git\objects\b6\1c087db33a72a8abf7319238d3bdfb0850448f,
833b82bc7941bece33d2b934d879cb9febe29d,C:\Users\Aditya\Desktop\Capstone\.git\objects\b6\833b82bc7941bece33d2b934d879cb9febe29d,
75555cc2ce55c858be471d4cfaffcb0382798f,C:\Users\Aditya\Desktop\Capstone\.git\objects\b7\75555cc2ce55c858be471d4cfaffcb0382798f,
bfadc797ce350fe8ee28e5b5da3af7e414f1df,C:\Users\Aditya\Desktop\Capstone\.git\objects\b7\bfadc797ce350fe8ee28e5b5da3af7e414f1df,
84420bdc00814a248c9dbd6adae589fa39ae36,C:\Users\Aditya\Desktop\Capstone\.git\objects\ba\84420bdc00814a248c9dbd6adae589fa39ae36,
071a8ba1e71ddd4bccfd8915303ec2fa4b6d8d,C:\Users\Aditya\Desktop\Capstone\.git\objects\bc\071a8ba1e71ddd4bccfd8915303ec2fa4b6d8d,
8fb99e31c48e5b66e8a27fde6ee21d01a160d1,C:\Users\Aditya\Desktop\Capstone\.git\objects\be\8fb99e31c48e5b66e8a27fde6ee21d01a160d1,
e4cb5dff42ecc8c83bbde05d93e927b3abf072,C:\Users\Aditya\Desktop\Capstone\.git\objects\bf\e4cb5dff42ecc8c83bbde05d93e927b3abf072,
130f8698f682d68b1550bffedecfe19eaa1a81,C:\Users\Aditya\Desktop\Capstone\.git\objects\c2\130f8698f682d68b1550bffedecfe19eaa1a81,
4841a3354aecc0e3110c6af92f1af14dfa60dd,C:\Users\Aditya\Desktop\Capstone\.git\objects\c2\4841a3354aecc0e3110c6af92f1af14dfa60dd,
e990a805c469af5646e3eb9bca82e91c520cfe,C:\Users\Aditya\Desktop\Capstone\.git\objects\c2\e990a805c469af5646e3eb9bca82e91c520cfe,
7796140e9f6cc89ff8e7f64387a078a7faef6d,C:\Users\Aditya\Desktop\Capstone\.git\objects\c4\7796140e9f6cc89ff8e7f64387a078a7faef6d,
941e90519288e7e71b945f9ca587dd2b2ef6ff,C:\Users\Aditya\Desktop\Capstone\.git\objects\c4\941e90519288e7e71b945f9ca587dd2b2ef6ff,
fdea3dbd81ef5dee8a1ef493c3261302b3643a,C:\Users\Aditya\Desktop\Capstone\.git\objects\c4\fdea3dbd81ef5dee8a1ef493c3261302b3643a,
a691246d6dd18761f1dcb3cf5276ebcce4eaec,C:\Users\Aditya\Desktop\Capstone\.git\objects\c5\a691246d6dd18761f1dcb3cf5276ebcce4eaec,
7ec7d6f92d9da2fa4016242c63c10b5e295809,C:\Users\Aditya\Desktop\Capstone\.git\objects\c8\7ec7d6f92d9da2fa4016242c63c10b5e295809,
d5b4d86e2286be92ccd7b95b68bb3fae9119c8,C:\Users\Aditya\Desktop\Capstone\.git\objects\c8\d5b4d86e2286be92ccd7b95b68bb3fae9119c8,
d646770e2186c73632cbe042d82d1d1acaa25b,C:\Users\Aditya\Desktop\Capstone\.git\objects\c9\d646770e2186c73632cbe042d82d1d1acaa25b,
46d37127c4cf89426ba673acb3c6cc5ff78165,C:\Users\Aditya\Desktop\Capstone\.git\objects\ca\46d37127c4cf89426ba673acb3c6cc5ff78165,
66588e29c237d80f5a944c7f0d47bc97dd9a39,C:\Users\Aditya\Desktop\Capstone\.git\objects\cb\66588e29c237d80f5a944c7f0d47bc97dd9a39,
f03536861b83bb1aa40882aebc46b4b2e97790,C:\Users\Aditya\Desktop\Capstone\.git\objects\cc\f03536861b83bb1aa40882aebc46b4b2e97790,
f939d78561fe974f53775e6fb3dab8655d296f,C:\Users\Aditya\Desktop\Capstone\.git\objects\cc\f939d78561fe974f53775e6fb3dab8655d296f,
dfa8e489756ba82a363a6f40d1c36e21ec6ab5,C:\Users\Aditya\Desktop\Capstone\.git\objects\d1\dfa8e489756ba82a363a6f40d1c36e21ec6ab5,
014f6738f0271d539d2c515bf7fa9d4be5c3ff,C:\Users\Aditya\Desktop\Capstone\.git\objects\d2\014f6738f0271d539d2c515bf7fa9d4be5c3ff,
b9ff69ba5c8647a0a22e0b2c16d13760a30b22,C:\Users\Aditya\Desktop\Capstone\.git\objects\d2\b9ff69ba5c8647a0a22e0b2c16d13760a30b22,
d8ca4790e52b0537f3cbb7dcd766099b789583,C:\Users\Aditya\Desktop\Capstone\.git\objects\d2\d8ca4790e52b0537f3cbb7dcd766099b789583,
5538af259173bbcfc7916f336cacb574da5321,C:\Users\Aditya\Desktop\Capstone\.git\objects\d3\5538af259173bbcfc7916f336cacb574da5321,
8e2edd5a282cd6ffce5d9f0965326414e83d38,C:\Users\Aditya\Desktop\Capstone\.git\objects\d3\8e2edd5a282cd6ffce5d9f0965326414e83d38,
ca2ef39bac77376a3bd83d4f599b6b3144a244,C:\Users\Aditya\Desktop\Capstone\.git\objects\d5\ca2ef39bac77376a3bd83d4f599b6b3144a244,
059c95887826d496c8edad57e662d833b60bf3,C:\Users\Aditya\Desktop\Capstone\.git\objects\d8\059c95887826d496c8edad57e662d833b60bf3,
3c539b8266366dc331c5f746714caefb84c47d,C:\Users\Aditya\Desktop\Capstone\.git\objects\d8\3c539b8266366dc331c5f746714caefb84c47d,
858bfb78efb8d7268736920efa1eae8873f89c,C:\Users\Aditya\Desktop\Capstone\.git\objects\d8\858bfb78efb8d7268736920efa1eae8873f89c,
07b25ae60ec7e3d32e4027aa6e6b7595de97af,C:\Users\Aditya\Desktop\Capstone\.git\objects\d9\07b25ae60ec7e3d32e4027aa6e6b7595de97af,
41861a5464faae0e0da0868d20d65fd5f8a40c,C:\Users\Aditya\Desktop\Capstone\.git\objects\d9\41861a5464faae0e0da0868d20d65fd5f8a40c,
54b1c4feb7bfa39966f6d9ae0dd59edb9b6e85,C:\Users\Aditya\Desktop\Capstone\.git\objects\d9\54b1c4feb7bfa39966f6d9ae0dd59edb9b6e85,
f458f4bb8770466e44ba97dd8fe1f2936090db,C:\Users\Aditya\Desktop\Capstone\.git\objects\d9\f458f4bb8770466e44ba97dd8fe1f2936090db,
97eba5689cca90e15d36e3313b84a7a7df27a4,C:\Users\Aditya\Desktop\Capstone\.git\objects\da\97eba5689cca90e15d36e3313b84a7a7df27a4,
ae9ea78980eb97f6cc19d797373b7a0f358585,C:\Users\Aditya\Desktop\Capstone\.git\objects\da\ae9ea78980eb97f6cc19d797373b7a0f358585,
b75a793ce43436ca35dbefe531c276a96f6ed2,C:\Users\Aditya\Desktop\Capstone\.git\objects\da\b75a793ce43436ca35dbefe531c276a96f6ed2,
883c49833c0f4bd7c60d47fe05e94dfb51039d,C:\Users\Aditya\Desktop\Capstone\.git\objects\de\883c49833c0f4bd7c60d47fe05e94dfb51039d,
663b74458d1d8ddc11d5274a7ea76c44d158db,C:\Users\Aditya\Desktop\Capstone\.git\objects\e0\663b74458d1d8ddc11d5274a7ea76c44d158db,
874769b74562eaee4dbb330e4f1df33413e53c,C:\Users\Aditya\Desktop\Capstone\.git\objects\e1\874769b74562eaee4dbb330e4f1df33413e53c,
15477e99b992d26d99da49b5faf3933e0dc58d,C:\Users\Aditya\Desktop\Capstone\.git\objects\e2\15477e99b992d26d99da49b5faf3933e0dc58d,
4314f0f266d4832b1a6c1389b0ea52f52dab05,C:\Users\Aditya\Desktop\Capstone\.git\objects\e2\4314f0f266d4832b1a6c1389b0ea52f52dab05,
6d9db2a7c6e570aec993d3665cbc13620115e2,C:\Users\Aditya\Desktop\Capstone\.git\objects\e3\6d9db2a7c6e570aec993d3665cbc13620115e2,
af5c9936dd81dc69fb6cb0cdf9404cb1cce906,C:\Users\Aditya\Desktop\Capstone\.git\objects\e3\af5c9936dd81dc69fb6cb0cdf9404cb1cce906,
cf52a06b271f069b383160cb86b11886004f41,C:\Users\Aditya\Desktop\Capstone\.git\objects\e3\cf52a06b271f069b383160cb86b11886004f41,
5aa150c28cbea887e333527b3048ee2f0ee494,C:\Users\Aditya\Desktop\Capstone\.git\objects\e5\5aa150c28cbea887e333527b3048ee2f0ee494,
d4a40a130ab08aede6fa83147e363ccc324993,C:\Users\Aditya\Desktop\Capstone\.git\objects\e6\d4a40a130ab08aede6fa83147e363ccc324993,
36a9c03ba5cd2dd6c5c36cc00a5256f428c8f2,C:\Users\Aditya\Desktop\Capstone\.git\objects\ea\36a9c03ba5cd2dd6c5c36cc00a5256f428c8f2,
aa6a4fd34e51575a01da366312c20618985cbc,C:\Users\Aditya\Desktop\Capstone\.git\objects\eb\aa6a4fd34e51575a01da366312c20618985cbc,
53d4d6d5bf13db8ca757ea991a9c7839f23c89,C:\Users\Aditya\Desktop\Capstone\.git\objects\ec\53d4d6d5bf13db8ca757ea991a9c7839f23c89,
6180e93f7ef1eacac7dc67e0d4410b703199a6,C:\Users\Aditya\Desktop\Capstone\.git\objects\ed\6180e93f7ef1eacac7dc67e0d4410b703199a6,
f72c89f7a9b57d088cc92dd2757cec0777cc18,C:\Users\Aditya\Desktop\Capstone\.git\objects\ef\f72c89f7a9b57d088cc92dd2757cec0777cc18,
a2506314befbd3b8c800b395dec8d847103025,C:\Users\Aditya\Desktop\Capstone\.git\objects\f0\a2506314befbd3b8c800b395dec8d847103025,
ad724a6145554663888d4229ef70bd6ef7be3d,C:\Users\Aditya\Desktop\Capstone\.git\objects\f0\ad724a6145554663888d4229ef70bd6ef7be3d,
00c092ce883cd013a12ab11fcc988b16fa301d,C:\Users\Aditya\Desktop\Capstone\.git\objects\f3\00c092ce883cd013a12ab11fcc988b16fa301d,
8c5e21053953ecc9c522157b182224bc7f4526,C:\Users\Aditya\Desktop\Capstone\.git\objects\f3\8c5e21053953ecc9c522157b182224bc7f4526,
ff40edab88c7df20db106d35c641723d125f56,C:\Users\Aditya\Desktop\Capstone\.git\objects\f4\ff40edab88c7df20db106d35c641723d125f56,
38e300d09d1f509aaef7116a401ebd86595309,C:\Users\Aditya\Desktop\Capstone\.git\objects\f5\38e300d09d1f509aaef7116a401ebd86595309,
ba81475b92355723f0dc12767f715995a34162,C:\Users\Aditya\Desktop\Capstone\.git\objects\f6\ba81475b92355723f0dc12767f715995a34162,
48d23d74e36a01c4193de92ac63407252b1e57,C:\Users\Aditya\Desktop\Capstone\.git\objects\f8\48d23d74e36a01c4193de92ac63407252b1e57,
ca4799c917282b395e1116e66bbab4f54e3de7,C:\Users\Aditya\Desktop\Capstone\.git\objects\f8\ca4799c917282b395e1116e66bbab4f54e3de7,
82596e9131a1af73789d6e2878cb49568a8af4,C:\Users\Aditya\Desktop\Capstone\.git\objects\fa\82596e9131a1af73789d6e2878cb49568a8af4,
d4434d539b88577338c6bdf4d8b2a50576b29b,C:\Users\Aditya\Desktop\Capstone\.git\objects\fa\d4434d539b88577338c6bdf4d8b2a50576b29b,
5d84c371c715a9ed1815a8270e3c0a11cdd447,C:\Users\Aditya\Desktop\Capstone\.git\objects\fb\5d84c371c715a9ed1815a8270e3c0a11cdd447,
0c08b5140ae485b846cf869b2a12feb52bb22e,C:\Users\Aditya\Desktop\Capstone\.git\objects\fc\0c08b5140ae485b846cf869b2a12feb52bb22e,
375a03b0a6baf2defc02154d10103dda8c9aaa,C:\Users\Aditya\Desktop\Capstone\.git\objects\fc\375a03b0a6baf2defc02154d10103dda8c9aaa,
53fb0e7ab49594e1eac97208c32a290558efeb,C:\Users\Aditya\Desktop\Capstone\.git\objects\fc\53fb0e7ab49594e1eac97208c32a290558efeb,
21c3515e33c89865c375f27fa8793d47a40071,C:\Users\Aditya\Desktop\Capstone\.git\objects\fd\21c3515e33c89865c375f27fa8793d47a40071,
e73fc7b67eb9c5439c2a06ea6dec3cb237ccf8,C:\Users\Aditya\Desktop\Capstone\.git\objects\fd\e73fc7b67eb9c5439c2a06ea6dec3cb237ccf8,
master,C:\Users\Aditya\Desktop\Capstone\.git\refs\heads\master,
master,C:\Users\Aditya\Desktop\Capstone\.git\refs\remotes\origin\master,
2.1-MapReduce.pptx,C:\Users\Aditya\Desktop\Capstone\2.1-MapReduce.pptx,
add internship page.png,C:\Users\Aditya\Desktop\Capstone\add internship page.png,
back.jpg,C:\Users\Aditya\Desktop\Capstone\back.jpg,
capstoneppt.pptx,C:\Users\Aditya\Desktop\Capstone\capstone ppt\capstoneppt.pptx,
Thumbs.db,C:\Users\Aditya\Desktop\Capstone\capstone ppt\Thumbs.db,
Capstone Project Synopsis.docx,C:\Users\Aditya\Desktop\Capstone\Capstone Project Synopsis.docx,
Capstone Project Synopsis.pdf,C:\Users\Aditya\Desktop\Capstone\Capstone Project Synopsis.pdf,
CAPSTONE SYNOPSIS.pptx,C:\Users\Aditya\Desktop\Capstone\CAPSTONE SYNOPSIS.pptx,
4_150-1.png,C:\Users\Aditya\Desktop\Capstone\capstone_source\4_150-1.png,
91.png,C:\Users\Aditya\Desktop\Capstone\capstone_source\91.png,
AAEAAQAAAAAAAAzfAAAAJDk5YmUxZGYyLWNmZTctNDA4My05NDllLTA0ZTI4OTAyOTgyYg.png,C:\Users\Aditya\Desktop\Capstone\capstone_source\AAEAAQAAAAAAAAzfAAAAJDk5YmUxZGYyLWNmZTctNDA4My05NDllLTA0ZTI4OTAyOTgyYg.png,
human-resources-department.png,C:\Users\Aditya\Desktop\Capstone\capstone_source\human-resources-department.png,
about.html,C:\Users\Aditya\Desktop\Capstone\capstone_source\Internhub\about.html,
back.jpg,C:\Users\Aditya\Desktop\Capstone\capstone_source\Internhub\assets\back.jpg,
bootstrap.css,C:\Users\Aditya\Desktop\Capstone\capstone_source\Internhub\assets\css\bootstrap.css,
main.css,C:\Users\Aditya\Desktop\Capstone\capstone_source\Internhub\assets\css\main.css,
AdventPro-Bold.ttf,C:\Users\Aditya\Desktop\Capstone\capstone_source\Internhub\assets\fonts\AdventPro-Bold.ttf,
glyphicons-halflings-regular.eot,C:\Users\Aditya\Desktop\Capstone\capstone_source\Internhub\assets\fonts\glyphicons-halflings-regular.eot,
glyphicons-halflings-regular.svg,C:\Users\Aditya\Desktop\Capstone\capstone_source\Internhub\assets\fonts\glyphicons-halflings-regular.svg,
glyphicons-halflings-regular.ttf,C:\Users\Aditya\Desktop\Capstone\capstone_source\Internhub\assets\fonts\glyphicons-halflings-regular.ttf,
glyphicons-halflings-regular.woff,C:\Users\Aditya\Desktop\Capstone\capstone_source\Internhub\assets\fonts\glyphicons-halflings-regular.woff,
animation.js,C:\Users\Aditya\Desktop\Capstone\capstone_source\Internhub\assets\js\animation.js,
bootstrap.min.js,C:\Users\Aditya\Desktop\Capstone\capstone_source\Internhub\assets\js\bootstrap.min.js,
hover.zoom.conf.js,C:\Users\Aditya\Desktop\Capstone\capstone_source\Internhub\assets\js\hover.zoom.conf.js,
hover.zoom.js,C:\Users\Aditya\Desktop\Capstone\capstone_source\Internhub\assets\js\hover.zoom.js,
logo2.png,C:\Users\Aditya\Desktop\Capstone\capstone_source\Internhub\assets\logo2.png,
Thumbs.db,C:\Users\Aditya\Desktop\Capstone\capstone_source\Internhub\assets\Thumbs.db,
back.jpg,C:\Users\Aditya\Desktop\Capstone\capstone_source\Internhub\back.jpg,
backnew.png,C:\Users\Aditya\Desktop\Capstone\capstone_source\Internhub\backnew.png,
backnew2.png,C:\Users\Aditya\Desktop\Capstone\capstone_source\Internhub\backnew2.png,
blog.html,C:\Users\Aditya\Desktop\Capstone\capstone_source\Internhub\blog.html,
browse.html,C:\Users\Aditya\Desktop\Capstone\capstone_source\Internhub\browse.html,
contact.html,C:\Users\Aditya\Desktop\Capstone\capstone_source\Internhub\contact.html,
footer.png,C:\Users\Aditya\Desktop\Capstone\capstone_source\Internhub\footer.png,
footer2.png,C:\Users\Aditya\Desktop\Capstone\capstone_source\Internhub\footer2.png,
index.html,C:\Users\Aditya\Desktop\Capstone\capstone_source\Internhub\index.html,
logo.png,C:\Users\Aditya\Desktop\Capstone\capstone_source\Internhub\logo.png,
logo2.png,C:\Users\Aditya\Desktop\Capstone\capstone_source\Internhub\logo2.png,
logo22.png,C:\Users\Aditya\Desktop\Capstone\capstone_source\Internhub\logo22.png,
process.png,C:\Users\Aditya\Desktop\Capstone\capstone_source\Internhub\process.png,
process2.png,C:\Users\Aditya\Desktop\Capstone\capstone_source\Internhub\process2.png,
query.png,C:\Users\Aditya\Desktop\Capstone\capstone_source\Internhub\query.png,
back.jpg,C:\Users\Aditya\Desktop\Capstone\capstone_source\Internhub\temp\back.jpg,
Thumbs.db,C:\Users\Aditya\Desktop\Capstone\capstone_source\Internhub\temp\Thumbs.db,
Thumbs.db,C:\Users\Aditya\Desktop\Capstone\capstone_source\Internhub\Thumbs.db,
too.jpg,C:\Users\Aditya\Desktop\Capstone\capstone_source\Internhub\too.jpg,
work.html,C:\Users\Aditya\Desktop\Capstone\capstone_source\Internhub\work.html,
Add.html,C:\Users\Aditya\Desktop\Capstone\capstone_source\Internhub.com\Add.html,
back.jpg,C:\Users\Aditya\Desktop\Capstone\capstone_source\Internhub.com\back.jpg,
backnew.png,C:\Users\Aditya\Desktop\Capstone\capstone_source\Internhub.com\backnew.png,
backnew2.png,C:\Users\Aditya\Desktop\Capstone\capstone_source\Internhub.com\backnew2.png,
banner.jpg,C:\Users\Aditya\Desktop\Capstone\capstone_source\Internhub.com\banner.jpg,
bannerfinal.png,C:\Users\Aditya\Desktop\Capstone\capstone_source\Internhub.com\bannerfinal.png,
Browse.html,C:\Users\Aditya\Desktop\Capstone\capstone_source\Internhub.com\Browse.html,
button.png,C:\Users\Aditya\Desktop\Capstone\capstone_source\Internhub.com\button.png,
composer.json,C:\Users\Aditya\Desktop\Capstone\capstone_source\Internhub.com\composer.json,
Contact.html,C:\Users\Aditya\Desktop\Capstone\capstone_source\Internhub.com\Contact.html,
bootstrap.css,C:\Users\Aditya\Desktop\Capstone\capstone_source\Internhub.com\css\bootstrap.css,
font-awesome.css,C:\Users\Aditya\Desktop\Capstone\capstone_source\Internhub.com\css\fonts\font-awesome-4.2.0\css\font-awesome.css,
font-awesome.min.css,C:\Users\Aditya\Desktop\Capstone\capstone_source\Internhub.com\css\fonts\font-awesome-4.2.0\css\font-awesome.min.css,
fontawesome-webfont.eot,C:\Users\Aditya\Desktop\Capstone\capstone_source\Internhub.com\css\fonts\font-awesome-4.2.0\fonts\fontawesome-webfont.eot,
fontawesome-webfont.svg,C:\Users\Aditya\Desktop\Capstone\capstone_source\Internhub.com\css\fonts\font-awesome-4.2.0\fonts\fontawesome-webfont.svg,
fontawesome-webfont.ttf,C:\Users\Aditya\Desktop\Capstone\capstone_source\Internhub.com\css\fonts\font-awesome-4.2.0\fonts\fontawesome-webfont.ttf,
fontawesome-webfont.woff,C:\Users\Aditya\Desktop\Capstone\capstone_source\Internhub.com\css\fonts\font-awesome-4.2.0\fonts\fontawesome-webfont.woff,
FontAwesome.otf,C:\Users\Aditya\Desktop\Capstone\capstone_source\Internhub.com\css\fonts\font-awesome-4.2.0\fonts\FontAwesome.otf,
bordered-pulled.less,C:\Users\Aditya\Desktop\Capstone\capstone_source\Internhub.com\css\fonts\font-awesome-4.2.0\less\bordered-pulled.less,
core.less,C:\Users\Aditya\Desktop\Capstone\capstone_source\Internhub.com\css\fonts\font-awesome-4.2.0\less\core.less,
fixed-width.less,C:\Users\Aditya\Desktop\Capstone\capstone_source\Internhub.com\css\fonts\font-awesome-4.2.0\less\fixed-width.less,
font-awesome.less,C:\Users\Aditya\Desktop\Capstone\capstone_source\Internhub.com\css\fonts\font-awesome-4.2.0\less\font-awesome.less,
icons.less,C:\Users\Aditya\Desktop\Capstone\capstone_source\Internhub.com\css\fonts\font-awesome-4.2.0\less\icons.less,
larger.less,C:\Users\Aditya\Desktop\Capstone\capstone_source\Internhub.com\css\fonts\font-awesome-4.2.0\less\larger.less,
list.less,C:\Users\Aditya\Desktop\Capstone\capstone_source\Internhub.com\css\fonts\font-awesome-4.2.0\less\list.less,
mixins.less,C:\Users\Aditya\Desktop\Capstone\capstone_source\Internhub.com\css\fonts\font-awesome-4.2.0\less\mixins.less,
path.less,C:\Users\Aditya\Desktop\Capstone\capstone_source\Internhub.com\css\fonts\font-awesome-4.2.0\less\path.less,
rotated-flipped.less,C:\Users\Aditya\Desktop\Capstone\capstone_source\Internhub.com\css\fonts\font-awesome-4.2.0\less\rotated-flipped.less,
spinning.less,C:\Users\Aditya\Desktop\Capstone\capstone_source\Internhub.com\css\fonts\font-awesome-4.2.0\less\spinning.less,
stacked.less,C:\Users\Aditya\Desktop\Capstone\capstone_source\Internhub.com\css\fonts\font-awesome-4.2.0\less\stacked.less,
variables.less,C:\Users\Aditya\Desktop\Capstone\capstone_source\Internhub.com\css\fonts\font-awesome-4.2.0\less\variables.less,
font-awesome.scss,C:\Users\Aditya\Desktop\Capstone\capstone_source\Internhub.com\css\fonts\font-awesome-4.2.0\scss\font-awesome.scss,
_bordered-pulled.scss,C:\Users\Aditya\Desktop\Capstone\capstone_source\Internhub.com\css\fonts\font-awesome-4.2.0\scss\_bordered-pulled.scss,
_core.scss,C:\Users\Aditya\Desktop\Capstone\capstone_source\Internhub.com\css\fonts\font-awesome-4.2.0\scss\_core.scss,
_fixed-width.scss,C:\Users\Aditya\Desktop\Capstone\capstone_source\Internhub.com\css\fonts\font-awesome-4.2.0\scss\_fixed-width.scss,
_icons.scss,C:\Users\Aditya\Desktop\Capstone\capstone_source\Internhub.com\css\fonts\font-awesome-4.2.0\scss\_icons.scss,
_larger.scss,C:\Users\Aditya\Desktop\Capstone\capstone_source\Internhub.com\css\fonts\font-awesome-4.2.0\scss\_larger.scss,
_list.scss,C:\Users\Aditya\Desktop\Capstone\capstone_source\Internhub.com\css\fonts\font-awesome-4.2.0\scss\_list.scss,
_mixins.scss,C:\Users\Aditya\Desktop\Capstone\capstone_source\Internhub.com\css\fonts\font-awesome-4.2.0\scss\_mixins.scss,
_path.scss,C:\Users\Aditya\Desktop\Capstone\capstone_source\Internhub.com\css\fonts\font-awesome-4.2.0\scss\_path.scss,
_rotated-flipped.scss,C:\Users\Aditya\Desktop\Capstone\capstone_source\Internhub.com\css\fonts\font-awesome-4.2.0\scss\_rotated-flipped.scss,
_spinning.scss,C:\Users\Aditya\Desktop\Capstone\capstone_source\Internhub.com\css\fonts\font-awesome-4.2.0\scss\_spinning.scss,
_stacked.scss,C:\Users\Aditya\Desktop\Capstone\capstone_source\Internhub.com\css\fonts\font-awesome-4.2.0\scss\_stacked.scss,
_variables.scss,C:\Users\Aditya\Desktop\Capstone\capstone_source\Internhub.com\css\fonts\font-awesome-4.2.0\scss\_variables.scss,
breadcrumbs-bg.gif,C:\Users\Aditya\Desktop\Capstone\capstone_source\Internhub.com\css\img\breadcrumbs-bg.gif,
bx_loader.gif,C:\Users\Aditya\Desktop\Capstone\capstone_source\Internhub.com\css\img\bx_loader.gif,
controls.png,C:\Users\Aditya\Desktop\Capstone\capstone_source\Internhub.com\css\img\controls.png,
blank.gif,C:\Users\Aditya\Desktop\Capstone\capstone_source\Internhub.com\css\img\fancybox\blank.gif,
fancybox-x.png,C:\Users\Aditya\Desktop\Capstone\capstone_source\Internhub.com\css\img\fancybox\fancybox-x.png,
fancybox-y.png,C:\Users\Aditya\Desktop\Capstone\capstone_source\Internhub.com\css\img\fancybox\fancybox-y.png,
fancybox.png,C:\Users\Aditya\Desktop\Capstone\capstone_source\Internhub.com\css\img\fancybox\fancybox.png,
fancy_close.png,C:\Users\Aditya\Desktop\Capstone\capstone_source\Internhub.com\css\img\fancybox\fancy_close.png,
fancy_loading.png,C:\Users\Aditya\Desktop\Capstone\capstone_source\Internhub.com\css\img\fancybox\fancy_loading.png,
fancy_nav_left.png,C:\Users\Aditya\Desktop\Capstone\capstone_source\Internhub.com\css\img\fancybox\fancy_nav_left.png,
fancy_nav_right.png,C:\Users\Aditya\Desktop\Capstone\capstone_source\Internhub.com\css\img\fancybox\fancy_nav_right.png,
fancy_shadow_e.png,C:\Users\Aditya\Desktop\Capstone\capstone_source\Internhub.com\css\img\fancybox\fancy_shadow_e.png,
fancy_shadow_n.png,C:\Users\Aditya\Desktop\Capstone\capstone_source\Internhub.com\css\img\fancybox\fancy_shadow_n.png,
fancy_shadow_ne.png,C:\Users\Aditya\Desktop\Capstone\capstone_source\Internhub.com\css\img\fancybox\fancy_shadow_ne.png,
fancy_shadow_nw.png,C:\Users\Aditya\Desktop\Capstone\capstone_source\Internhub.com\css\img\fancybox\fancy_shadow_nw.png,
fancy_shadow_s.png,C:\Users\Aditya\Desktop\Capstone\capstone_source\Internhub.com\css\img\fancybox\fancy_shadow_s.png,
fancy_shadow_se.png,C:\Users\Aditya\Desktop\Capstone\capstone_source\Internhub.com\css\img\fancybox\fancy_shadow_se.png,
fancy_shadow_sw.png,C:\Users\Aditya\Desktop\Capstone\capstone_source\Internhub.com\css\img\fancybox\fancy_shadow_sw.png,
fancy_shadow_w.png,C:\Users\Aditya\Desktop\Capstone\capstone_source\Internhub.com\css\img\fancybox\fancy_shadow_w.png,
fancy_title_left.png,C:\Users\Aditya\Desktop\Capstone\capstone_source\Internhub.com\css\img\fancybox\fancy_title_left.png,
fancy_title_main.png,C:\Users\Aditya\Desktop\Capstone\capstone_source\Internhub.com\css\img\fancybox\fancy_title_main.png,
fancy_title_over.png,C:\Users\Aditya\Desktop\Capstone\capstone_source\Internhub.com\css\img\fancybox\fancy_title_over.png,
fancy_title_right.png,C:\Users\Aditya\Desktop\Capstone\capstone_source\Internhub.com\css\img\fancybox\fancy_title_right.png,
jquery.easing-1.3.pack.js,C:\Users\Aditya\Desktop\Capstone\capstone_source\Internhub.com\css\img\fancybox\jquery.easing-1.3.pack.js,
jquery.fancybox-1.3.4.js,C:\Users\Aditya\Desktop\Capstone\capstone_source\Internhub.com\css\img\fancybox\jquery.fancybox-1.3.4.js,
jquery.fancybox-1.3.4.pack.js,C:\Users\Aditya\Desktop\Capstone\capstone_source\Internhub.com\css\img\fancybox\jquery.fancybox-1.3.4.pack.js,
jquery.mousewheel-3.0.4.pack.js,C:\Users\Aditya\Desktop\Capstone\capstone_source\Internhub.com\css\img\fancybox\jquery.mousewheel-3.0.4.pack.js,
Thumbs.db,C:\Users\Aditya\Desktop\Capstone\capstone_source\Internhub.com\css\img\fancybox\Thumbs.db,
gray_jean.png,C:\Users\Aditya\Desktop\Capstone\capstone_source\Internhub.com\css\img\gray_jean.png,
icon-arrow-right.png,C:\Users\Aditya\Desktop\Capstone\capstone_source\Internhub.com\css\img\icon-arrow-right.png,
Thumbs.db,C:\Users\Aditya\Desktop\Capstone\capstone_source\Internhub.com\css\img\Thumbs.db,
jquery.fancybox-1.3.4.css,C:\Users\Aditya\Desktop\Capstone\capstone_source\Internhub.com\css\jquery.fancybox-1.3.4.css,
kickstart-buttons.css,C:\Users\Aditya\Desktop\Capstone\capstone_source\Internhub.com\css\kickstart-buttons.css,
kickstart-forms.css,C:\Users\Aditya\Desktop\Capstone\capstone_source\Internhub.com\css\kickstart-forms.css,
kickstart-grid.css,C:\Users\Aditya\Desktop\Capstone\capstone_source\Internhub.com\css\kickstart-grid.css,
kickstart-menus.css,C:\Users\Aditya\Desktop\Capstone\capstone_source\Internhub.com\css\kickstart-menus.css,
kickstart-slideshow.css,C:\Users\Aditya\Desktop\Capstone\capstone_source\Internhub.com\css\kickstart-slideshow.css,
kickstart.css,C:\Users\Aditya\Desktop\Capstone\capstone_source\Internhub.com\css\kickstart.css,
main.css,C:\Users\Aditya\Desktop\Capstone\capstone_source\Internhub.com\css\main.css,
prettify.css,C:\Users\Aditya\Desktop\Capstone\capstone_source\Internhub.com\css\prettify.css,
tiptip.css,C:\Users\Aditya\Desktop\Capstone\capstone_source\Internhub.com\css\tiptip.css,
footer.png,C:\Users\Aditya\Desktop\Capstone\capstone_source\Internhub.com\footer.png,
footer2.png,C:\Users\Aditya\Desktop\Capstone\capstone_source\Internhub.com\footer2.png,
index.html,C:\Users\Aditya\Desktop\Capstone\capstone_source\Internhub.com\index.html,
animation.js,C:\Users\Aditya\Desktop\Capstone\capstone_source\Internhub.com\js\animation.js,
kickstart.js,C:\Users\Aditya\Desktop\Capstone\capstone_source\Internhub.com\js\kickstart.js,
kickstart.css,C:\Users\Aditya\Desktop\Capstone\capstone_source\Internhub.com\kickstart.css,
login.html,C:\Users\Aditya\Desktop\Capstone\capstone_source\Internhub.com\login.html,
logo.png,C:\Users\Aditya\Desktop\Capstone\capstone_source\Internhub.com\logo.png,
logo2.png,C:\Users\Aditya\Desktop\Capstone\capstone_source\Internhub.com\logo2.png,
logo22.png,C:\Users\Aditya\Desktop\Capstone\capstone_source\Internhub.com\logo22.png,
new.jpg,C:\Users\Aditya\Desktop\Capstone\capstone_source\Internhub.com\new.jpg,
new1.jpg,C:\Users\Aditya\Desktop\Capstone\capstone_source\Internhub.com\new1.jpg,
process.png,C:\Users\Aditya\Desktop\Capstone\capstone_source\Internhub.com\process.png,
process2.png,C:\Users\Aditya\Desktop\Capstone\capstone_source\Internhub.com\process2.png,
query.png,C:\Users\Aditya\Desktop\Capstone\capstone_source\Internhub.com\query.png,
register.html,C:\Users\Aditya\Desktop\Capstone\capstone_source\Internhub.com\register.html,
slide2.png,C:\Users\Aditya\Desktop\Capstone\capstone_source\Internhub.com\slide2.png,
slide3.png,C:\Users\Aditya\Desktop\Capstone\capstone_source\Internhub.com\slide3.png,
slide4.png,C:\Users\Aditya\Desktop\Capstone\capstone_source\Internhub.com\slide4.png,
style.css,C:\Users\Aditya\Desktop\Capstone\capstone_source\Internhub.com\style.css,
Thumbs.db,C:\Users\Aditya\Desktop\Capstone\capstone_source\Internhub.com\Thumbs.db,
too.jpg,C:\Users\Aditya\Desktop\Capstone\capstone_source\Internhub.com\too.jpg,
too.png,C:\Users\Aditya\Desktop\Capstone\capstone_source\Internhub.com\too.png,
tooo.png,C:\Users\Aditya\Desktop\Capstone\capstone_source\Internhub.com\tooo.png,
wall.jpg,C:\Users\Aditya\Desktop\Capstone\capstone_source\Internhub.com\wall.jpg,
wall.png,C:\Users\Aditya\Desktop\Capstone\capstone_source\Internhub.com\wall.png,
wall2.jpg,C:\Users\Aditya\Desktop\Capstone\capstone_source\Internhub.com\wall2.jpg,
wall2.png,C:\Users\Aditya\Desktop\Capstone\capstone_source\Internhub.com\wall2.png,
Internhub.rar,C:\Users\Aditya\Desktop\Capstone\capstone_source\Internhub.rar,
add.html,C:\Users\Aditya\Desktop\Capstone\capstone_source\Internhub_final\new\add.html,
adduser.php,C:\Users\Aditya\Desktop\Capstone\capstone_source\Internhub_final\new\adduser.php,
logo.png,C:\Users\Aditya\Desktop\Capstone\capstone_source\Internhub_final\new\assets\logo.png,
new.jpg,C:\Users\Aditya\Desktop\Capstone\capstone_source\Internhub_final\new\assets\new.jpg,
new1.jpg,C:\Users\Aditya\Desktop\Capstone\capstone_source\Internhub_final\new\assets\new1.jpg,
process.png,C:\Users\Aditya\Desktop\Capstone\capstone_source\Internhub_final\new\assets\process.png,
process2.png,C:\Users\Aditya\Desktop\Capstone\capstone_source\Internhub_final\new\assets\process2.png,
query.png,C:\Users\Aditya\Desktop\Capstone\capstone_source\Internhub_final\new\assets\query.png,
README.md,C:\Users\Aditya\Desktop\Capstone\capstone_source\Internhub_final\new\assets\README.md,
register.html,C:\Users\Aditya\Desktop\Capstone\capstone_source\Internhub_final\new\assets\register.html,
slide2.png,C:\Users\Aditya\Desktop\Capstone\capstone_source\Internhub_final\new\assets\slide2.png,
slide3.png,C:\Users\Aditya\Desktop\Capstone\capstone_source\Internhub_final\new\assets\slide3.png,
slide4.png,C:\Users\Aditya\Desktop\Capstone\capstone_source\Internhub_final\new\assets\slide4.png,
Thumbs.db,C:\Users\Aditya\Desktop\Capstone\capstone_source\Internhub_final\new\assets\Thumbs.db,
too.jpg,C:\Users\Aditya\Desktop\Capstone\capstone_source\Internhub_final\new\assets\too.jpg,
tooo.png,C:\Users\Aditya\Desktop\Capstone\capstone_source\Internhub_final\new\assets\tooo.png,
wall.jpg,C:\Users\Aditya\Desktop\Capstone\capstone_source\Internhub_final\new\assets\wall.jpg,
wall.png,C:\Users\Aditya\Desktop\Capstone\capstone_source\Internhub_final\new\assets\wall.png,
wall2.jpg,C:\Users\Aditya\Desktop\Capstone\capstone_source\Internhub_final\new\assets\wall2.jpg,
wall2.png,C:\Users\Aditya\Desktop\Capstone\capstone_source\Internhub_final\new\assets\wall2.png,
browse.php,C:\Users\Aditya\Desktop\Capstone\capstone_source\Internhub_final\new\browse.php,
contact.html,C:\Users\Aditya\Desktop\Capstone\capstone_source\Internhub_final\new\contact.html,
one-page-wonder.css,C:\Users\Aditya\Desktop\Capstone\capstone_source\Internhub_final\new\css\one-page-wonder.css,
db.php,C:\Users\Aditya\Desktop\Capstone\capstone_source\Internhub_final\new\db.php,
gulpfile.js,C:\Users\Aditya\Desktop\Capstone\capstone_source\Internhub_final\new\gulpfile.js,
i1.png,C:\Users\Aditya\Desktop\Capstone\capstone_source\Internhub_final\new\i1.png,
i2.png,C:\Users\Aditya\Desktop\Capstone\capstone_source\Internhub_final\new\i2.png,
i3.png,C:\Users\Aditya\Desktop\Capstone\capstone_source\Internhub_final\new\i3.png,
index.php,C:\Users\Aditya\Desktop\Capstone\capstone_source\Internhub_final\new\index.php,
login.html,C:\Users\Aditya\Desktop\Capstone\capstone_source\Internhub_final\new\login.html,
logo.png,C:\Users\Aditya\Desktop\Capstone\capstone_source\Internhub_final\new\logo.png,
logo2.png,C:\Users\Aditya\Desktop\Capstone\capstone_source\Internhub_final\new\logo2.png,
logo22.png,C:\Users\Aditya\Desktop\Capstone\capstone_source\Internhub_final\new\logo22.png,
logo3.png,C:\Users\Aditya\Desktop\Capstone\capstone_source\Internhub_final\new\logo3.png,
logo33.png,C:\Users\Aditya\Desktop\Capstone\capstone_source\Internhub_final\new\logo33.png,
private.properties,C:\Users\Aditya\Desktop\Capstone\capstone_source\Internhub_final\new\nbproject\private\private.properties,
project.properties,C:\Users\Aditya\Desktop\Capstone\capstone_source\Internhub_final\new\nbproject\project.properties,
project.xml,C:\Users\Aditya\Desktop\Capstone\capstone_source\Internhub_final\new\nbproject\project.xml,
package.json,C:\Users\Aditya\Desktop\Capstone\capstone_source\Internhub_final\new\package.json,
queries.txt,C:\Users\Aditya\Desktop\Capstone\capstone_source\Internhub_final\new\queries.txt,
register.html,C:\Users\Aditya\Desktop\Capstone\capstone_source\Internhub_final\new\register.html,
success.html,C:\Users\Aditya\Desktop\Capstone\capstone_source\Internhub_final\new\success.html,
Thumbs.db,C:\Users\Aditya\Desktop\Capstone\capstone_source\Internhub_final\new\Thumbs.db,
too.png,C:\Users\Aditya\Desktop\Capstone\capstone_source\Internhub_final\new\too.png,
bootstrap-grid.css,C:\Users\Aditya\Desktop\Capstone\capstone_source\Internhub_final\new\vendor\bootstrap\css\bootstrap-grid.css,
bootstrap-grid.min.css,C:\Users\Aditya\Desktop\Capstone\capstone_source\Internhub_final\new\vendor\bootstrap\css\bootstrap-grid.min.css,
bootstrap-reboot.css,C:\Users\Aditya\Desktop\Capstone\capstone_source\Internhub_final\new\vendor\bootstrap\css\bootstrap-reboot.css,
bootstrap-reboot.min.css,C:\Users\Aditya\Desktop\Capstone\capstone_source\Internhub_final\new\vendor\bootstrap\css\bootstrap-reboot.min.css,
bootstrap.css,C:\Users\Aditya\Desktop\Capstone\capstone_source\Internhub_final\new\vendor\bootstrap\css\bootstrap.css,
bootstrap.min.css,C:\Users\Aditya\Desktop\Capstone\capstone_source\Internhub_final\new\vendor\bootstrap\css\bootstrap.min.css,
kickstart.css,C:\Users\Aditya\Desktop\Capstone\capstone_source\Internhub_final\new\vendor\bootstrap\css\kickstart.css,
style.css,C:\Users\Aditya\Desktop\Capstone\capstone_source\Internhub_final\new\vendor\bootstrap\css\style.css,
bootstrap.js,C:\Users\Aditya\Desktop\Capstone\capstone_source\Internhub_final\new\vendor\bootstrap\js\bootstrap.js,
bootstrap.min.js,C:\Users\Aditya\Desktop\Capstone\capstone_source\Internhub_final\new\vendor\bootstrap\js\bootstrap.min.js,
jquery.js,C:\Users\Aditya\Desktop\Capstone\capstone_source\Internhub_final\new\vendor\jquery\jquery.js,
jquery.min.js,C:\Users\Aditya\Desktop\Capstone\capstone_source\Internhub_final\new\vendor\jquery\jquery.min.js,
popper.js,C:\Users\Aditya\Desktop\Capstone\capstone_source\Internhub_final\new\vendor\popper\popper.js,
popper.min.js,C:\Users\Aditya\Desktop\Capstone\capstone_source\Internhub_final\new\vendor\popper\popper.min.js,
wall2.jpg,C:\Users\Aditya\Desktop\Capstone\capstone_source\Internhub_final\new\wall2.jpg,
Internhub_final.rar,C:\Users\Aditya\Desktop\Capstone\capstone_source\Internhub_final.rar,
Thumbs.db,C:\Users\Aditya\Desktop\Capstone\capstone_source\Thumbs.db,
UI-Internhub.rar,C:\Users\Aditya\Desktop\Capstone\capstone_source\UI-Internhub.rar,
class diagram.png,C:\Users\Aditya\Desktop\Capstone\class diagram.png,
Cloud Notes Final.pdf,C:\Users\Aditya\Desktop\Capstone\Cloud Notes Final.pdf,
Commitment Letter.pdf,C:\Users\Aditya\Desktop\Capstone\Commitment Letter.pdf,
contact page.png,C:\Users\Aditya\Desktop\Capstone\contact page.png,
Home page.png,C:\Users\Aditya\Desktop\Capstone\Home page.png,
Index.pdf,C:\Users\Aditya\Desktop\Capstone\Index.pdf,
config,C:\Users\Aditya\Desktop\Capstone\InternhubProject\.git\config,
description,C:\Users\Aditya\Desktop\Capstone\InternhubProject\.git\description,
HEAD,C:\Users\Aditya\Desktop\Capstone\InternhubProject\.git\HEAD,
applypatch-msg.sample,C:\Users\Aditya\Desktop\Capstone\InternhubProject\.git\hooks\applypatch-msg.sample,
commit-msg.sample,C:\Users\Aditya\Desktop\Capstone\InternhubProject\.git\hooks\commit-msg.sample,
fsmonitor-watchman.sample,C:\Users\Aditya\Desktop\Capstone\InternhubProject\.git\hooks\fsmonitor-watchman.sample,
post-update.sample,C:\Users\Aditya\Desktop\Capstone\InternhubProject\.git\hooks\post-update.sample,
pre-applypatch.sample,C:\Users\Aditya\Desktop\Capstone\InternhubProject\.git\hooks\pre-applypatch.sample,
pre-commit.sample,C:\Users\Aditya\Desktop\Capstone\InternhubProject\.git\hooks\pre-commit.sample,
pre-push.sample,C:\Users\Aditya\Desktop\Capstone\InternhubProject\.git\hooks\pre-push.sample,
pre-rebase.sample,C:\Users\Aditya\Desktop\Capstone\InternhubProject\.git\hooks\pre-rebase.sample,
pre-receive.sample,C:\Users\Aditya\Desktop\Capstone\InternhubProject\.git\hooks\pre-receive.sample,
prepare-commit-msg.sample,C:\Users\Aditya\Desktop\Capstone\InternhubProject\.git\hooks\prepare-commit-msg.sample,
update.sample,C:\Users\Aditya\Desktop\Capstone\InternhubProject\.git\hooks\update.sample,
exclude,C:\Users\Aditya\Desktop\Capstone\InternhubProject\.git\info\exclude,
825dc642cb6eb9a060e54bf8d69288fbee4904,C:\Users\Aditya\Desktop\Capstone\InternhubProject\.git\objects\4b\825dc642cb6eb9a060e54bf8d69288fbee4904,
ke dil abhi bhara nahi .pdf,C:\Users\Aditya\Desktop\Capstone\ke dil abhi bhara nahi .pdf,
login page.png,C:\Users\Aditya\Desktop\Capstone\login page.png,
add.html,C:\Users\Aditya\Desktop\Capstone\new\add.html,
logo.png,C:\Users\Aditya\Desktop\Capstone\new\assets\logo.png,
new.jpg,C:\Users\Aditya\Desktop\Capstone\new\assets\new.jpg,
new1.jpg,C:\Users\Aditya\Desktop\Capstone\new\assets\new1.jpg,
process.png,C:\Users\Aditya\Desktop\Capstone\new\assets\process.png,
process2.png,C:\Users\Aditya\Desktop\Capstone\new\assets\process2.png,
query.png,C:\Users\Aditya\Desktop\Capstone\new\assets\query.png,
README.md,C:\Users\Aditya\Desktop\Capstone\new\assets\README.md,
register.html,C:\Users\Aditya\Desktop\Capstone\new\assets\register.html,
slide2.png,C:\Users\Aditya\Desktop\Capstone\new\assets\slide2.png,
slide3.png,C:\Users\Aditya\Desktop\Capstone\new\assets\slide3.png,
slide4.png,C:\Users\Aditya\Desktop\Capstone\new\assets\slide4.png,
Thumbs.db,C:\Users\Aditya\Desktop\Capstone\new\assets\Thumbs.db,
too.jpg,C:\Users\Aditya\Desktop\Capstone\new\assets\too.jpg,
tooo.png,C:\Users\Aditya\Desktop\Capstone\new\assets\tooo.png,
wall.jpg,C:\Users\Aditya\Desktop\Capstone\new\assets\wall.jpg,
wall.png,C:\Users\Aditya\Desktop\Capstone\new\assets\wall.png,
wall2.jpg,C:\Users\Aditya\Desktop\Capstone\new\assets\wall2.jpg,
wall2.png,C:\Users\Aditya\Desktop\Capstone\new\assets\wall2.png,
browse.html,C:\Users\Aditya\Desktop\Capstone\new\browse.html,
contact.html,C:\Users\Aditya\Desktop\Capstone\new\contact.html,
one-page-wonder.css,C:\Users\Aditya\Desktop\Capstone\new\css\one-page-wonder.css,
gulpfile.js,C:\Users\Aditya\Desktop\Capstone\new\gulpfile.js,
i1.png,C:\Users\Aditya\Desktop\Capstone\new\i1.png,
i2.png,C:\Users\Aditya\Desktop\Capstone\new\i2.png,
i3.png,C:\Users\Aditya\Desktop\Capstone\new\i3.png,
index.html,C:\Users\Aditya\Desktop\Capstone\new\index.html,
login.html,C:\Users\Aditya\Desktop\Capstone\new\login.html,
logo.png,C:\Users\Aditya\Desktop\Capstone\new\logo.png,
logo2.png,C:\Users\Aditya\Desktop\Capstone\new\logo2.png,
logo22.png,C:\Users\Aditya\Desktop\Capstone\new\logo22.png,
logo3.png,C:\Users\Aditya\Desktop\Capstone\new\logo3.png,
package.json,C:\Users\Aditya\Desktop\Capstone\new\package.json,
queries.txt,C:\Users\Aditya\Desktop\Capstone\new\queries.txt,
register.html,C:\Users\Aditya\Desktop\Capstone\new\register.html,
Thumbs.db,C:\Users\Aditya\Desktop\Capstone\new\Thumbs.db,
too.png,C:\Users\Aditya\Desktop\Capstone\new\too.png,
bootstrap-grid.css,C:\Users\Aditya\Desktop\Capstone\new\vendor\bootstrap\css\bootstrap-grid.css,
bootstrap-grid.min.css,C:\Users\Aditya\Desktop\Capstone\new\vendor\bootstrap\css\bootstrap-grid.min.css,
bootstrap-reboot.css,C:\Users\Aditya\Desktop\Capstone\new\vendor\bootstrap\css\bootstrap-reboot.css,
bootstrap-reboot.min.css,C:\Users\Aditya\Desktop\Capstone\new\vendor\bootstrap\css\bootstrap-reboot.min.css,
bootstrap.css,C:\Users\Aditya\Desktop\Capstone\new\vendor\bootstrap\css\bootstrap.css,
bootstrap.min.css,C:\Users\Aditya\Desktop\Capstone\new\vendor\bootstrap\css\bootstrap.min.css,
kickstart.css,C:\Users\Aditya\Desktop\Capstone\new\vendor\bootstrap\css\kickstart.css,
style.css,C:\Users\Aditya\Desktop\Capstone\new\vendor\bootstrap\css\style.css,
bootstrap.js,C:\Users\Aditya\Desktop\Capstone\new\vendor\bootstrap\js\bootstrap.js,
bootstrap.min.js,C:\Users\Aditya\Desktop\Capstone\new\vendor\bootstrap\js\bootstrap.min.js,
jquery.js,C:\Users\Aditya\Desktop\Capstone\new\vendor\jquery\jquery.js,
jquery.min.js,C:\Users\Aditya\Desktop\Capstone\new\vendor\jquery\jquery.min.js,
popper.js,C:\Users\Aditya\Desktop\Capstone\new\vendor\popper\popper.js,
popper.min.js,C:\Users\Aditya\Desktop\Capstone\new\vendor\popper\popper.min.js,
wall2.jpg,C:\Users\Aditya\Desktop\Capstone\new\wall2.jpg,
new sign.png,C:\Users\Aditya\Desktop\Capstone\new sign.png,
Quiz.pdf,C:\Users\Aditya\Desktop\Capstone\Quiz.pdf,
registration page.png,C:\Users\Aditya\Desktop\Capstone\registration page.png,
RESUME LETTER.pdf,C:\Users\Aditya\Desktop\Capstone\RESUME LETTER.pdf,
RESUME UP.pdf,C:\Users\Aditya\Desktop\Capstone\RESUME UP.pdf,
samiksha review.pdf,C:\Users\Aditya\Desktop\Capstone\samiksha review.pdf,
SRS final Internhub.doc,C:\Users\Aditya\Desktop\Capstone\SRS final Internhub.doc,
SRS final Internhub.docx,C:\Users\Aditya\Desktop\Capstone\SRS final Internhub.docx,
SRS final.docx,C:\Users\Aditya\Desktop\Capstone\SRS final.docx,
srs-for-job-portal-implementation-and-applications-in-computer-sciences-project-report.pdf,C:\Users\Aditya\Desktop\Capstone\srs-for-job-portal-implementation-and-applications-in-computer-sciences-project-report.pdf,
SRS.pdf,C:\Users\Aditya\Desktop\Capstone\SRS.pdf,
SWIM LANE DIAGRAM.png,C:\Users\Aditya\Desktop\Capstone\SWIM LANE DIAGRAM.png,
Thesis.pdf,C:\Users\Aditya\Desktop\Capstone\Thesis.pdf,
Thumbs.db,C:\Users\Aditya\Desktop\Capstone\Thumbs.db,
USE CASE DIAGRAM.docx,C:\Users\Aditya\Desktop\Capstone\USE CASE DIAGRAM.docx,
USE CASE DIAGRAM.pdf,C:\Users\Aditya\Desktop\Capstone\USE CASE DIAGRAM.pdf,
USE CASE TEMPLATE.docx,C:\Users\Aditya\Desktop\Capstone\USE CASE TEMPLATE.docx,
USE CASE TEMPLATE.pdf,C:\Users\Aditya\Desktop\Capstone\USE CASE TEMPLATE.pdf,
USE CASE.png,C:\Users\Aditya\Desktop\Capstone\USE CASE.png,
~$S final Internhub.docx,C:\Users\Aditya\Desktop\Capstone\~$S final Internhub.docx,
